CommentID,Category,Comment;
"1,Routine Checks Efficiency,""Given the project constraints, The AI tool caught simple typos and style issues instantly, allowing me to skip routine checks. This balance of automation and oversight feels right.""";
"2,Routine Checks Efficiency,""Given the project constraints, Basic formatting and linting warnings were resolved automatically, saving considerable time. This balance of automation and oversight feels right.""";
"3,Routine Checks Efficiency,""As a senior engineer, Repeated code style fixes were handled by the AI, making routine reviews much faster. However, I remain cautious about deep logic issues.""";
"4,Routine Checks Efficiency,""Considering future scalability, The assistant auto-corrected naming conventions without manual intervention, boosting efficiency. This balance of automation and oversight feels right.""";
"5,Routine Checks Efficiency,""From a maintainability standpoint, Standard boilerplate refactoring suggestions came through instantly, reducing tedium. It strikes a good compromise between speed and accuracy.""";
"6,Routine Checks Efficiency,""Given the project constraints, I no longer had to manually enforce style guidelines";" the AI did it reliably and quickly. However, I remain cautious about deep logic issues."""
"7,Routine Checks Efficiency,""From a maintainability standpoint, Routine unit test scaffolding was generated in seconds, accelerating the review process. However, I remain cautious about deep logic issues.""";
"8,Routine Checks Efficiency,""Considering future scalability, Trivial code migrations were proposed automatically, cutting down repetitive tasks. I will continue to rely on this for quick checks.""";
"9,Routine Checks Efficiency,""Considering future scalability, The tool flagged common anti-patterns immediately, making routine audits seamless. I will continue to rely on this for quick checks.""";
"10,Routine Checks Efficiency,""In my experience, Minor cleanup tasks were automated by the AI, streamlining everyday reviews. I will continue to rely on this for quick checks.""";
"11,Routine Checks Efficiency,""Given the project constraints, The AI tool caught simple typos and style issues instantly, allowing me to skip routine checks. This helped maintain quality without extra effort.""";
"12,Routine Checks Efficiency,""Considering future scalability, Basic formatting and linting warnings were resolved automatically, saving considerable time. It strikes a good compromise between speed and accuracy.""";
"13,Routine Checks Efficiency,""In my experience, Repeated code style fixes were handled by the AI, making routine reviews much faster. I still recommend a final human review before merging.""";
"14,Routine Checks Efficiency,""Reflecting on error handling, The assistant auto-corrected naming conventions without manual intervention, boosting efficiency. It strikes a good compromise between speed and accuracy.""";
"15,Routine Checks Efficiency,""Considering future scalability, Standard boilerplate refactoring suggestions came through instantly, reducing tedium. I will continue to rely on this for quick checks.""";
"16,Routine Checks Efficiency,""In my experience, I no longer had to manually enforce style guidelines";" the AI did it reliably and quickly. This helped maintain quality without extra effort."""
"17,Routine Checks Efficiency,""Reflecting on error handling, Routine unit test scaffolding was generated in seconds, accelerating the review process. This helped maintain quality without extra effort.""";
"18,Routine Checks Efficiency,""Given the project constraints, Trivial code migrations were proposed automatically, cutting down repetitive tasks. This workflow would benefit from occasional manual checks.""";
"19,Routine Checks Efficiency,""In my experience, The tool flagged common anti-patterns immediately, making routine audits seamless. This balance of automation and oversight feels right.""";
"20,Routine Checks Efficiency,""Considering future scalability, Minor cleanup tasks were automated by the AI, streamlining everyday reviews. This helped maintain quality without extra effort.""";
"21,Routine Checks Efficiency,""In my experience, The AI tool caught simple typos and style issues instantly, allowing me to skip routine checks. This balance of automation and oversight feels right.""";
"22,Routine Checks Efficiency,""In my experience, Basic formatting and linting warnings were resolved automatically, saving considerable time. I still recommend a final human review before merging.""";
"23,Routine Checks Efficiency,""Reflecting on error handling, Repeated code style fixes were handled by the AI, making routine reviews much faster. I will continue to rely on this for quick checks.""";
"24,Routine Checks Efficiency,""Considering future scalability, The assistant auto-corrected naming conventions without manual intervention, boosting efficiency. This balance of automation and oversight feels right.""";
"25,Routine Checks Efficiency,""From a maintainability standpoint, Standard boilerplate refactoring suggestions came through instantly, reducing tedium. It strikes a good compromise between speed and accuracy.""";
"26,Routine Checks Efficiency,""Considering future scalability, I no longer had to manually enforce style guidelines";" the AI did it reliably and quickly. However, I remain cautious about deep logic issues."""
"27,Routine Checks Efficiency,""As a senior engineer, Routine unit test scaffolding was generated in seconds, accelerating the review process. It strikes a good compromise between speed and accuracy.""";
"28,Routine Checks Efficiency,""Considering future scalability, Trivial code migrations were proposed automatically, cutting down repetitive tasks. This helped maintain quality without extra effort.""";
"29,Routine Checks Efficiency,""As a senior engineer, The tool flagged common anti-patterns immediately, making routine audits seamless. This workflow would benefit from occasional manual checks.""";
"30,Routine Checks Efficiency,""Given the project constraints, Minor cleanup tasks were automated by the AI, streamlining everyday reviews. This balance of automation and oversight feels right.""";
"31,Context Sensitivity Limitation,""Reflecting on error handling, The AI failed to understand the business rules driving this module and missed subtle logic flaws. It strikes a good compromise between speed and accuracy.""";
"32,Context Sensitivity Limitation,""Given the project constraints, High-level architectural dependencies were overlooked, revealing gaps in context awareness. This workflow would benefit from occasional manual checks.""";
"33,Context Sensitivity Limitation,""Reflecting on error handling, Domain-specific naming conventions were ignored, leading to misinterpretation of code intent. This helped maintain quality without extra effort.""";
"34,Context Sensitivity Limitation,""Considering future scalability, The assistant did not catch cross-cutting concerns, missing issues beyond its pattern library. This balance of automation and oversight feels right.""";
"35,Context Sensitivity Limitation,""Given the project constraints, Complex error-handling logic was ignored by the AI, exposing a context-sensitivity weakness. It strikes a good compromise between speed and accuracy.""";
"36,Context Sensitivity Limitation,""In my experience, It overlooked how this component interacts with external services, missing key design issues. I will continue to rely on this for quick checks.""";
"37,Context Sensitivity Limitation,""Reflecting on error handling, Nuanced threading issues slipped by undetected, showing limited awareness of concurrency context. However, I remain cautious about deep logic issues.""";
"38,Context Sensitivity Limitation,""Reflecting on error handling, The AI did not grasp the implications of shared state in this function, leading to false negatives. It strikes a good compromise between speed and accuracy.""";
"39,Context Sensitivity Limitation,""As a senior engineer, It missed subtle security implications in custom authentication flows, lacking domain context. I will continue to rely on this for quick checks.""";
"40,Context Sensitivity Limitation,""Considering future scalability, The tool failed to flag corner-case behaviors tied to business logic, showing a context gap. I will continue to rely on this for quick checks.""";
"41,Context Sensitivity Limitation,""During the code audit, The AI failed to understand the business rules driving this module and missed subtle logic flaws. It strikes a good compromise between speed and accuracy.""";
"42,Context Sensitivity Limitation,""During the code audit, High-level architectural dependencies were overlooked, revealing gaps in context awareness. It strikes a good compromise between speed and accuracy.""";
"43,Context Sensitivity Limitation,""Considering future scalability, Domain-specific naming conventions were ignored, leading to misinterpretation of code intent. This balance of automation and oversight feels right.""";
"44,Context Sensitivity Limitation,""As a senior engineer, The assistant did not catch cross-cutting concerns, missing issues beyond its pattern library. This helped maintain quality without extra effort.""";
"45,Context Sensitivity Limitation,""In my experience, Complex error-handling logic was ignored by the AI, exposing a context-sensitivity weakness. I still recommend a final human review before merging.""";
"46,Context Sensitivity Limitation,""From a maintainability standpoint, It overlooked how this component interacts with external services, missing key design issues. This helped maintain quality without extra effort.""";
"47,Context Sensitivity Limitation,""In my experience, Nuanced threading issues slipped by undetected, showing limited awareness of concurrency context. I still recommend a final human review before merging.""";
"48,Context Sensitivity Limitation,""In my experience, The AI did not grasp the implications of shared state in this function, leading to false negatives. This workflow would benefit from occasional manual checks.""";
"49,Context Sensitivity Limitation,""As a senior engineer, It missed subtle security implications in custom authentication flows, lacking domain context. I still recommend a final human review before merging.""";
"50,Context Sensitivity Limitation,""In my experience, The tool failed to flag corner-case behaviors tied to business logic, showing a context gap. It strikes a good compromise between speed and accuracy.""";
"51,Context Sensitivity Limitation,""Considering future scalability, The AI failed to understand the business rules driving this module and missed subtle logic flaws. I will continue to rely on this for quick checks.""";
"52,Context Sensitivity Limitation,""Given the project constraints, High-level architectural dependencies were overlooked, revealing gaps in context awareness. I still recommend a final human review before merging.""";
"53,Context Sensitivity Limitation,""Considering future scalability, Domain-specific naming conventions were ignored, leading to misinterpretation of code intent. I still recommend a final human review before merging.""";
"54,Context Sensitivity Limitation,""In my experience, The assistant did not catch cross-cutting concerns, missing issues beyond its pattern library. This balance of automation and oversight feels right.""";
"55,Context Sensitivity Limitation,""As a senior engineer, Complex error-handling logic was ignored by the AI, exposing a context-sensitivity weakness. I still recommend a final human review before merging.""";
"56,Context Sensitivity Limitation,""Given the project constraints, It overlooked how this component interacts with external services, missing key design issues. This balance of automation and oversight feels right.""";
"57,Context Sensitivity Limitation,""In my experience, Nuanced threading issues slipped by undetected, showing limited awareness of concurrency context. I still recommend a final human review before merging.""";
"58,Context Sensitivity Limitation,""During the code audit, The AI did not grasp the implications of shared state in this function, leading to false negatives. However, I remain cautious about deep logic issues.""";
"59,Context Sensitivity Limitation,""During the code audit, It missed subtle security implications in custom authentication flows, lacking domain context. I will continue to rely on this for quick checks.""";
"60,Context Sensitivity Limitation,""Given the project constraints, The tool failed to flag corner-case behaviors tied to business logic, showing a context gap. I will continue to rely on this for quick checks.""";
"61,Human Oversight Needed,""As a senior engineer, Review time decreased substantially, but I still manually verified complex edge cases afterward. I still recommend a final human review before merging.""";
"62,Human Oversight Needed,""Reflecting on error handling, The assistant handled most suggestions, yet critical sections required my careful inspection. However, I remain cautious about deep logic issues.""";
"63,Human Oversight Needed,""From a maintainability standpoint, AI-generated fixes sped up the draft review, though I conducted a full manual walkthrough at the end. This helped maintain quality without extra effort.""";
"64,Human Oversight Needed,""As a senior engineer, Automation improved my throughput, but I cross-checked every AI suggestion to minimize risk. This workflow would benefit from occasional manual checks.""";
"65,Human Oversight Needed,""Given the project constraints, Overall efficiency increased, but final sign-off mandated human judgment on critical code paths. I will continue to rely on this for quick checks.""";
"66,Human Oversight Needed,""During the code audit, Reviewing was less tedious, however verifying domain-specific logic still fell on me. This helped maintain quality without extra effort.""";
"67,Human Oversight Needed,""Given the project constraints, The tool caught trivial issues, yet I had to ensure alignment with our architectural guidelines. This helped maintain quality without extra effort.""";
"68,Human Oversight Needed,""Reflecting on error handling, It expedited the initial pass, but nuanced bug patterns demanded human attention. It strikes a good compromise between speed and accuracy.""";
"69,Human Oversight Needed,""Considering future scalability, Routine feedback was automated, though I intervened for any suggestion touching core logic. This workflow would benefit from occasional manual checks.""";
"70,Human Oversight Needed,""From a maintainability standpoint, The AI did the heavy lifting on simple checks, but I retained control of ultimate code quality. It strikes a good compromise between speed and accuracy.""";
"71,Human Oversight Needed,""Reflecting on error handling, Review time decreased substantially, but I still manually verified complex edge cases afterward. I still recommend a final human review before merging.""";
"72,Human Oversight Needed,""In my experience, The assistant handled most suggestions, yet critical sections required my careful inspection. I still recommend a final human review before merging.""";
"73,Human Oversight Needed,""Given the project constraints, AI-generated fixes sped up the draft review, though I conducted a full manual walkthrough at the end. I will continue to rely on this for quick checks.""";
"74,Human Oversight Needed,""Given the project constraints, Automation improved my throughput, but I cross-checked every AI suggestion to minimize risk. I will continue to rely on this for quick checks.""";
"75,Human Oversight Needed,""Reflecting on error handling, Overall efficiency increased, but final sign-off mandated human judgment on critical code paths. I still recommend a final human review before merging.""";
"76,Human Oversight Needed,""Given the project constraints, Reviewing was less tedious, however verifying domain-specific logic still fell on me. This balance of automation and oversight feels right.""";
"77,Human Oversight Needed,""Considering future scalability, The tool caught trivial issues, yet I had to ensure alignment with our architectural guidelines. However, I remain cautious about deep logic issues.""";
"78,Human Oversight Needed,""From a maintainability standpoint, It expedited the initial pass, but nuanced bug patterns demanded human attention. This balance of automation and oversight feels right.""";
"79,Human Oversight Needed,""Reflecting on error handling, Routine feedback was automated, though I intervened for any suggestion touching core logic. This workflow would benefit from occasional manual checks.""";
"80,Human Oversight Needed,""Reflecting on error handling, The AI did the heavy lifting on simple checks, but I retained control of ultimate code quality. It strikes a good compromise between speed and accuracy.""";
"81,Human Oversight Needed,""In my experience, Review time decreased substantially, but I still manually verified complex edge cases afterward. This helped maintain quality without extra effort.""";
"82,Human Oversight Needed,""In my experience, The assistant handled most suggestions, yet critical sections required my careful inspection. I still recommend a final human review before merging.""";
"83,Human Oversight Needed,""As a senior engineer, AI-generated fixes sped up the draft review, though I conducted a full manual walkthrough at the end. This balance of automation and oversight feels right.""";
"84,Human Oversight Needed,""Considering future scalability, Automation improved my throughput, but I cross-checked every AI suggestion to minimize risk. This workflow would benefit from occasional manual checks.""";
"85,Human Oversight Needed,""In my experience, Overall efficiency increased, but final sign-off mandated human judgment on critical code paths. It strikes a good compromise between speed and accuracy.""";
"86,Human Oversight Needed,""During the code audit, Reviewing was less tedious, however verifying domain-specific logic still fell on me. I will continue to rely on this for quick checks.""";
"87,Human Oversight Needed,""As a senior engineer, The tool caught trivial issues, yet I had to ensure alignment with our architectural guidelines. This workflow would benefit from occasional manual checks.""";
"88,Human Oversight Needed,""In my experience, It expedited the initial pass, but nuanced bug patterns demanded human attention. This helped maintain quality without extra effort.""";
"89,Human Oversight Needed,""Reflecting on error handling, Routine feedback was automated, though I intervened for any suggestion touching core logic. I will continue to rely on this for quick checks.""";
"90,Human Oversight Needed,""In my experience, The AI did the heavy lifting on simple checks, but I retained control of ultimate code quality. It strikes a good compromise between speed and accuracy.""";